Milestone,Activity,Description,Status,Comments
Q2-2025 May-Jun,Framework Foundation & CI/CD Integration,The automation repository was established and end-to-end pipelines were configured for Android and iOS using BrowserStack. Robust reporting was implemented and flakiness was resolved through dynamic waits and retry logic.,Completed,Ensured a stable environment for multi-device execution.
Q2-2025 May-Jun,Login and Account Recovery Flows,Stakeholder collaboration prioritised user stories for the automation of core login journeys. This included validating error handling for invalid credentials and password recovery functionality.,Completed,Successfully demoed these core flows during the Sprint Review.
Q2-2025 May-Jun,Modular Feature Development,A library of reusable methods for managing plants and collections was developed to ensure script maintainability. Advanced teardown scripts using regular expressions were also built to automate data cleanup.,Completed,Resolved significant platform-specific XPath issues for iOS.
Q2-2025 May-Jun,E2E Validation & Tool Integration,Complex end-to-end user journeys were automated covering the full lifecycle of adding and deleting plant entities. The framework was integrated with TestRail and technical design documentation was finalised.,Completed,Presented the framework design and demos during Technology Weekly.
Q3-2025 Jul-Sep,Enhanced Plant Feature Automation,Automated advanced plant management features including date filters, botanical name toggles, and card search validation. Comprehensive end-to-end tests for plant addition and deletion were completed and prepared for demonstration.,Completed,Resolved extensive iOS XPath issues to ensure cross-platform stability.
Q3-2025 Jul-Sep,Care Tips & User Lifecycle Testing,Development was focused on automated care tips across various seasonal parameters and wishlist/collection editing workflows. New user creation logic was implemented within scripts to improve test stability and environmental isolation.,Completed,Identified a blocker regarding subscriber feature access on BrowserStack.
Q3-2025 Jul-Sep,Infrastructure Optimisation & OS Migration,The iOS build pipeline was successfully migrated to macOS 14 with regenerated certificates to resolve OS-level failures. Pipeline debugging was improved through the implementation of enhanced logging and diagnostic statements.,Completed,Collaborated with internal teams to resolve critical distribution issues.
Q3-2025 Jul-Sep,Integration Testing & Data Orchestration,The test execution pipeline was integrated with the application pipeline to automate app downloads and BrowserStack uploads. Advanced data deletion scripts were developed to manage test data cleanup as a prerequisite for regression testing.,Completed,Ensured pipeline readiness for upcoming integration testing phases.
Q4-2025 Oct-Dec,Discover Module Automation & Stabilisation,The "Discover" suite was expanded to include "Plant of the Day", "Recently Viewed", and "Articles for You" features. Automated tests were stabilised across iOS and Android while reports were refined to provide feature-level consolidation.,Completed,Reported application alignment and attribute issues to development for UI fixes.
Q4-2025 Oct-Dec,Full Suite Regression & Technical Support,A comprehensive stabilisation of the total regression suite was performed to ensure reliability for the RHS Grow App. Support was provided for CR1862 and code whitelisting to enable the semantic rollout for version 3.7.0.,Completed,Addressed specific iOS version conflicts and duplicate bundler installations in the pipeline.
Q4-2025 Oct-Dec,Cloud Infrastructure & DevOps Orchestration,Infrastructure tasks included managing Terraform configurations for plant search indexing and troubleshooting MAPI state-file synchronisation. Collaboration with the PS team ensured secure log stream access for tech leads and production canary deployment monitoring.,Completed,Handled critical Cloudflare snippet filter configurations and dynamic DNS entries.
Q4-2025 Oct-Dec,Service Migration & Pipeline Development,Build pipelines were configured for the new KontentAI GraphQL library and pushed to Azure Artifacts with semantic versioning. Knowledge transfer sessions were conducted on the Kentico to KAI migration and SSIS database pipeline integration within the agent.,Completed,Established new repositories and feeds for the GraphQL service rollout.